id_empresa,if_score,if_score_risco,score_final,classe_final,presente_todos_cenarios
EMP_RJ_01317,-0.2049664189039212,1.0,0.75,Crítico,True
EMP_RJ_01369,-0.1412703808701362,0.8283533084968636,0.6891766542484319,Alto,True
EMP_RJ_01314,-0.1351876597662313,0.8119617245765611,0.6059808622882805,Alto,True
EMP_RJ_01261,-0.1265945479378227,0.7888051945851594,0.6444025972925798,Alto,True
EMP_RJ_01352,-0.1094766454899008,0.7426762451032345,0.6713381225516173,Alto,True
EMP_RJ_01266,-0.1086333786560539,0.7404038280651861,0.6452019140325931,Alto,True
EMP_RJ_01322,-0.1031232998209221,0.725555388018253,0.5627776940091265,Alto,True
EMP_RJ_01367,-0.0963821303166508,0.70738943173607,0.553694715868035,Alto,True
EMP_RJ_01353,-0.0938442186570469,0.7005503228504093,0.6502751614252047,Alto,True
EMP_RJ_01461,-0.0928756131152236,0.6979401458008196,0.6489700729004098,Alto,True
EMP_RJ_01354,-0.0925780513774886,0.6971382829318442,0.648569141465922,Alto,True
EMP_RJ_01382,-0.0922365695351774,0.6962180651247332,0.6481090325623666,Alto,True
EMP_RJ_01434,-0.0915950972802408,0.6944894397086199,0.6472447198543099,Alto,True
EMP_RJ_01471,-0.0907119197015875,0.6921094720675369,0.7460547360337684,Crítico,True
EMP_RJ_01455,-0.0895697413534488,0.6890315548121413,0.5945157774060706,Alto,True
EMP_RJ_00988,-0.0873226886033777,0.6829762461604769,0.6664881230802384,Alto,True
EMP_RJ_01359,-0.0860235898760423,0.6794754632960106,0.6397377316480053,Alto,True
EMP_RJ_00217,-0.0841914154912815,0.6745381597978843,0.6622690798989421,Alto,True
EMP_RJ_00675,-0.0787303847733013,0.6598218935453255,0.7049109467726629,Crítico,True
EMP_RJ_01499,-0.0756983241892482,0.6516511629354604,0.7008255814677302,Crítico,True
EMP_RJ_01257,-0.0750560749888759,0.6499204438237636,0.5749602219118818,Alto,True
EMP_RJ_01459,-0.0745383469940006,0.6485252817357894,0.6242626408678946,Alto,True
EMP_RJ_00082,-0.0737806596344566,0.6464834823951384,0.5732417411975692,Alto,True
EMP_RJ_00989,-0.0687646499696156,0.6329664491526461,0.6414832245763231,Alto,True
EMP_RJ_00563,-0.0680499170513877,0.6310404025018775,0.6155202012509388,Alto,True
EMP_RJ_01397,-0.0648943541333727,0.6225368605010397,0.6112684302505198,Alto,True
EMP_RJ_01373,-0.0645651102118229,0.6216496211753919,0.6108248105876959,Alto,True
EMP_RJ_01387,-0.0640087931035039,0.620150469987701,0.6100752349938505,Alto,True
EMP_RJ_01388,-0.0631726169306109,0.6178971607078567,0.6089485803539283,Alto,True
EMP_RJ_01485,-0.0630608552381952,0.6175959877411838,0.633797993870592,Alto,True
EMP_RJ_01486,-0.0630608552381952,0.6175959877411838,0.633797993870592,Alto,True
EMP_RJ_01364,-0.0605261632611741,0.6107655551857953,0.6053827775928977,Alto,True
EMP_RJ_01286,-0.0602803846192089,0.610103236271814,0.555051618135907,Alto,True
EMP_RJ_01441,-0.0600846574204222,0.6095757948932607,0.6047878974466303,Alto,True
EMP_RJ_00421,-0.0599126505642806,0.6091122745757663,0.6045561372878832,Alto,True
EMP_RJ_01464,-0.0594655146349746,0.6079073424436163,0.5289536712218081,Alto,True
EMP_RJ_01360,-0.0592791855136324,0.6074052267988079,0.703702613399404,Crítico,True
EMP_RJ_01401,-0.0591458367606294,0.6070458814929525,0.6035229407464762,Alto,True
EMP_RJ_01279,-0.0589468614004213,0.6065096870399749,0.5282548435199874,Alto,True
EMP_RJ_01054,-0.0588149070077631,0.6061540992259091,0.6030770496129545,Alto,True
EMP_RJ_01402,-0.0569329498469766,0.6010826421907273,0.5005413210953636,Alto,True
EMP_RJ_01456,-0.056465252362533,0.5998223012290729,0.4999111506145364,Médio,True
EMP_RJ_01376,-0.0563033941094034,0.599386129145223,0.5996930645726115,Alto,True
EMP_RJ_01478,-0.0559469922200677,0.5984257051214008,0.5992128525607003,Alto,True
EMP_RJ_01475,-0.0558390056608089,0.5981347053010705,0.5990673526505352,Alto,True
EMP_RJ_00127,-0.0553485818069986,0.5968131218158292,0.6734065609079147,Alto,True
EMP_RJ_01438,-0.0541842530290364,0.593675514066143,0.5968377570330715,Alto,True
EMP_RJ_01348,-0.0530792425396263,0.5906977559443131,0.5953488779721565,Alto,True
EMP_RJ_01357,-0.0528938238033235,0.5901980935852164,0.5200990467926082,Alto,True
EMP_RJ_01488,-0.0525449274238144,0.5892578952452758,0.5696289476226379,Alto,True
EMP_RJ_01414,-0.052514745016389,0.5891765603532466,0.6945882801766232,Alto,True
EMP_RJ_01413,-0.052514745016389,0.5891765603532466,0.6945882801766232,Alto,True
EMP_RJ_01274,-0.0524312524242435,0.5889515663402877,0.5944757831701438,Alto,True
EMP_RJ_01467,-0.0513876316059122,0.5861392397626857,0.5180696198813428,Alto,True
EMP_RJ_01458,-0.0509928021745053,0.585075262038151,0.5175376310190756,Alto,True
EMP_RJ_01445,-0.0509778133665855,0.5850348705260818,0.5925174352630409,Alto,True
EMP_RJ_01426,-0.0495479077441114,0.5811815920987919,0.490590796049396,Médio,True
EMP_RJ_00122,-0.0494380371475914,0.5808855152160174,0.6904427576080088,Alto,True
EMP_RJ_01436,-0.048489812501979,0.5783302601602041,0.539165130080102,Alto,True
EMP_RJ_01394,-0.0478640777552501,0.5766440438373365,0.5383220219186682,Alto,True
EMP_RJ_01519,-0.0468206235028432,0.573832166117948,0.486916083058974,Médio,True
EMP_RJ_01377,-0.0460889422770939,0.5718604475383997,0.5109302237691999,Alto,True
EMP_RJ_01479,-0.046064140683814,0.5717936127467562,0.3858968063733781,Médio,True
EMP_RJ_01333,-0.0446075814027435,0.5678685086226767,0.5089342543113384,Alto,True
EMP_RJ_00488,-0.0445508498862673,0.5677156297716887,0.5838578148858443,Alto,True
EMP_RJ_01427,-0.0434330128177479,0.5647033068647418,0.4823516534323709,Médio,True
EMP_RJ_00330,-0.0421719308925058,0.5613049708478706,0.6556524854239354,Alto,True
EMP_RJ_01361,-0.0404091290783432,0.5565546110371672,0.5282773055185837,Alto,True
EMP_RJ_01385,-0.0402636282926837,0.5561625186992368,0.5780812593496184,Alto,True
EMP_RJ_01313,-0.0389215516548396,0.5525459199006209,0.4762729599503104,Médio,True
EMP_RJ_01320,-0.0388188387204335,0.5522691313293123,0.4761345656646562,Médio,True
EMP_RJ_01498,-0.0385308672457322,0.5514931120916082,0.5757465560458042,Alto,True
EMP_RJ_01168,-0.0380028166013737,0.5500701327533615,0.4750350663766807,Médio,True
EMP_RJ_00686,-0.0378599329958964,0.5496850931353996,0.4748425465676997,Médio,True
EMP_RJ_01462,-0.0365127350083612,0.5460546934355401,0.4980273467177701,Médio,True
EMP_RJ_01371,-0.0364163744050318,0.5457950229872155,0.5228975114936077,Alto,True
